事件ID,场景,当前事件,触发条件,服务器证据,V6.2参考行,执行分值,选否分值,未做分值,计次规则,待补项,待定A,待定V,待定T,待定F
L1.repair,L1-01,修好桥,repair=yes接受；绳子和木板同时位于缺口,repaired=true；materials_ready(positions)；game_events,4：修桥后过河（合并描述）,"原表合并参考A=1,F=1；独立修桥分值待确认",API有否但UI自动提交成功；无独立否按钮,缺：未执行没有明确向量；只在该场景已结束后判定,同一旅程、该事件最多一次,原表将修桥和过河合写；分值归属待确认，不能复制两次。未修桥缺分,,,,
L1.boat-ready,L1-01,修好船,第5次search=yes；船桨跳出并安装,"bushClicks=5,oar=true；game_events",7：修船后过河（合并描述）,"原表合并参考A=1,F=0；独立修好船分值待确认",当前UI只有拨草；API否不等于修船失败,缺：未执行没有明确向量；只在该场景已结束后判定,同一旅程、该事件最多一次,原表将修船和过河合写；分值归属待确认，不能复制两次。0–4次未完成,,,,
L1.cross-bridge,L1-01,走桥过河,cross-bridge=yes接受并到对岸,"scene=shore,route；game_events",4,"参考：A=1,F=1；与修桥/修船共享原表合并描述，归属待确认，不双算",缺：明确选否有回执，但没有独立向量,其余路线未执行：无独立向量，不自动扣分,四选一最终路线；命中的路线计一次,该路线显式否/未选没有单独分值；其余路线不是自动反向加分,,,,
L1.swim,L1-01,游泳过河,swim=yes接受并到对岸,"scene=shore,route；game_events",5,"参考：A=-1,F=-2",缺：明确选否有回执，但没有独立向量,其余路线未执行：无独立向量，不自动扣分,四选一最终路线；命中的路线计一次,该路线显式否/未选没有单独分值；其余路线不是自动反向加分,,,,
L1.use-ring,L1-01,救生圈过河,use-ring=yes接受并到对岸,"scene=shore,route；game_events",6,"参考：A=-1,F=1",缺：明确选否有回执，但没有独立向量,其余路线未执行：无独立向量，不自动扣分,四选一最终路线；命中的路线计一次,该路线显式否/未选没有单独分值；其余路线不是自动反向加分,,,,
L1.boat-cross,L1-01,划船过河,上船后第5次paddle到对岸,"strokes=5,route=boat,scene=shore",7,"参考：A=1,F=0；与修桥/修船共享原表合并描述，归属待确认，不双算",划桨无否；上船否有回执但无分值,未上船/未划完缺独立向量；未结束不结算,只记划船过河一次；上船与前4桨不计,拒绝上船或未完成划船的分值未明确,,,,
L1.greet-woman,L1-02,主动与女生交谈,greet-woman=yes被服务器接受,greetedWoman=true；game_events,10,参考：V=-2；当前交谈即主动交谈,缺：明确选否有回执，但没有独立向量,缺：未执行没有明确向量；只在该场景已结束后判定,男女是不同事件，各最多一次；同一人重复不加,女生交谈否/未做缺分；原表仅打招呼V=0/完全不点选V=2不能代替,,,,
L1.greet,L1-02,主动与男生交谈,greet=yes被服务器接受,greeted=true；game_events,10,参考：V=-2；当前交谈即主动交谈,缺：明确选否有回执，但没有独立向量,缺：未执行没有明确向量；只在该场景已结束后判定,男女是不同事件，各最多一次；同一人重复不加,男生交谈否/未做缺分；原表仅打招呼V=0/完全不点选V=2不能代替,,,,
L1.take-lamp,L1-02,拿起灯,take-lamp=yes接受,lampTaken=true；game_events,13:16,只有灯四组合参考，缺该动作的独立向量,否无独立向量；可结合最后lampTaken/lampLit查组合,未做无独立向量；灯四组合有参考,单事件最多一次；若用灯组合评分，不与单动作双算,动作分/否分需拆分确认；保留四组合F=2/0/0/-2的来源，不重复加,,,,
L1.light-lamp,L1-02,点亮灯,light-lamp=yes接受,lampLit=true；game_events,13:16,只有灯四组合参考，缺该动作的独立向量,否无独立向量；可结合最后lampTaken/lampLit查组合,未做无独立向量；灯四组合有参考,单事件最多一次；若用灯组合评分，不与单动作双算,动作分/否分需拆分确认；保留四组合F=2/0/0/-2的来源，不重复加,,,,
L1.enter,L1-02,进入下一关,enter=yes接受,scene=complete,无,流程完成，不另造分值,停留，无独立分值,未完成，不判作最终未做,完成标志仅供关闭L1未做分支,,,,,
L2.arrive-table,L2,走到桌边,arrive-table接受,outcome.at_table=true,19,未坐下直接到桌边参考A=0；坐过再来不套该分,无否按钮,缺：未走到桌边无独立分值,同一旅程、该事件最多一次,原表有条件参考，不代表所有arrive-table都得A=0,,,,
L2.sit.chair,L2,坐窗边椅,sit chair yes=true,outcome.seat；完整接受历史,17,参考：A=1,缺：明确选否有回执，但没有独立向量,缺：未坐该椅无独立向量；直接桌边另有条件参考,每个坐椅事件最多一次；换座跨椅是否互斥待算法,该椅选否/未做缺独立分值；不能只读当前seat丢失此前坐过事实,,,,
L2.sit.table-seat,L2,坐桌前椅,sit table-seat yes=true,outcome.seat；完整接受历史,18,参考：A=-1（原表称中心椅）,缺：明确选否有回执，但没有独立向量,缺：未坐该椅无独立向量；直接桌边另有条件参考,每个坐椅事件最多一次；换座跨椅是否互斥待算法,该椅选否/未做缺独立分值；不能只读当前seat丢失此前坐过事实,,,,
L2.select-key.key-1,L2,选择钥匙 key-1,select-key key-1接受,outcome.selected_key/keys,20；21作废,缺：原表直接拿第一把F=-1不能明确分到key或选择次序,无否按钮,缺：未执行没有明确向量；只在该场景已结束后判定,同一旅程、该事件最多一次,当前两把钥匙的分值待补；不再列反复比较事件,,,,
L2.select-key.key-2,L2,选择钥匙 key-2,select-key key-2接受,outcome.selected_key/keys,20；21作废,缺：原表直接拿第一把F=-1不能明确分到key或选择次序,无否按钮,缺：未执行没有明确向量；只在该场景已结束后判定,同一旅程、该事件最多一次,当前两把钥匙的分值待补；不再列反复比较事件,,,,
L2.try-first,L2,第一次用钥匙试门（失败）,try-door接受且attempt=1,"outcome.attempt=1,door_open=false",无明确对应,缺：首次试门失败独立向量,无否按钮,缺：未执行没有明确向量；只在该场景已结束后判定,同一旅程、该事件最多一次,第一次试门执行/未做向量缺失；不能因失败当拒绝回执,,,,
L2.try-second,L2,换另一把钥匙开门成功,try-door另一key接受且attempt=2,"outcome.attempt=2,door_open=true",22:23,参考：再次尝试V=-1,无否按钮,尝试一次后最终未再试参考V=1；从未试门无参考,第二把开门成功最多一次,从未试门不等于失败后放弃；不将暂时停留当放弃,,,,
L2.explore,L2,进入已解锁的卧室,explore=yes接受,outcome.view=bedroom；false回执不改变view,24:28多个原表描述,"多个冲突参考：A=-1 或 V=-2,T=1；先否后是另有V=0,T=-2","多个参考：A=1 或 V=2,T=1；待选",缺：未尝试探索不能直接套显式否,同一探索事件最多一次；不拆成黑屋/半开门两个节点,事件明确；执行/否的向量来源冲突，未做缺分,,,,
L2.search-start,L2,答应寻找耳环,search-choice=yes接受,outcome.search.status=searching,29:31,缺：开始寻找独立向量；不能预先给找到/长搜索分,参考：拒绝寻找A=-2,缺：未触发寻找无明确分值,开始寻找最多一次；终态与长搜索另列待分配,开始寻找及未触发缺独立分值,,,,
L2.search-long,L2,长搜索（严格超过15秒）,search-time接受且activeMs>15000,search.long=true；timing_verified=false,31，按用户修正>,参考：A=2,无否按钮,<=15000未达标：短搜索后放弃参考A=0；快速找到无独立参考,首次满足>15000最多一次；15秒整不满足,快速找到但未超过15秒的分支缺明确分值；不把它当放弃,,,,
L2.earring-found,L2,找到另一只耳环,第3次curtain-click接受,"curtainClicks=3,status=found",无明确找到项,缺：找到耳环独立向量,无否按钮,拒绝/未开始/开始后未找到须分别保留；无统一未找到向量,三次点击归并找到一次,找到/未找到分值缺失；不能强套长搜索或放弃,,,,
L2.return-hall,L2,返回大厅,return-hall接受,view=room；searching变returned，found保持,30:31,未找到且<=15秒离开参考A=0；>15秒A=2是长搜索参考；找到后返回无独立分,无否按钮,仍在卧室为进行中，不强判未做,导航不另加基础分；搜索状态不能重复计同一个长搜索,不同搜索结果分别归类；不能每次返回重复给分,,,,
L2.furniture-final,L2,整理房间最后确认结果,最终有效layout-confirm被接受,outcome.layout/classification.reasonable/tidy/openPlacement/movedIds,32:43仅历史参考,缺：当前结果分类的向量；不套四分位,取消/退出编辑不是确认，无独立分值,尚未确认为未结算，不能当0或整理失败,只结算最后一次确认；移动/撤销/重置/之前确认不累加,最后结果到向量需补；合理/整齐/空旷/无变化/不合理按实际回执列明；最终截止待算法,,,,
L3.open,L3-01,打开风暴房间门,decision open yes=true/false接受,outcome.choices.open；state_changed,44:46,"组合参考V=-2,T=1（开后未关）","组合参考V=2,T=1（未开且未关）",不适用：未回答为进行中；六项必须回答才能进入携物,每个成功事件最多一次；否后改是不能永久累计两套互斥分,缺当前独立动作/否向量；组合参考不与事件分双算,,,,
L3.close,L3-01,关上风暴房间门,decision close yes=true/false接受,outcome.choices.close；state_changed,44:46,"组合参考V=0,T=-2（开后关）",组合参考依open而变,不适用：未回答为进行中；六项必须回答才能进入携物,每个成功事件最多一次；否后改是不能永久累计两套互斥分,缺当前独立动作/否向量；组合参考不与事件分双算,,,,
L3.wait,L3-01,等待,decision wait yes=true/false接受,outcome.choices.wait；state_changed,47:48,参考：A=1,参考：A=-1,不适用：未回答为进行中；六项必须回答才能进入携物,每个成功事件最多一次；否后改是不能永久累计两套互斥分,无独立未做分支；未到达不按否计,,,,
L3.curtain,L3-01,拉开窗帘,decision curtain yes=true/false接受,outcome.choices.curtain；state_changed,49:50,参考：V=-1,参考：V=1,不适用：未回答为进行中；六项必须回答才能进入携物,每个成功事件最多一次；否后改是不能永久累计两套互斥分,无独立未做分支；未到达不按否计,,,,
L3.window,L3-01,关窗,decision window yes=true/false接受,outcome.choices.window；state_changed,51:54,缺独立向量；原表窗/电扇组合仅历史参考,缺独立向量；不以原组合强套,不适用：未回答为进行中；六项必须回答才能进入携物,每个成功事件最多一次；否后改是不能永久累计两套互斥分,缺当前独立动作/否向量；组合参考不与事件分双算,,,,
L3.television,L3-01,关电视,decision television yes=true/false接受,outcome.choices.television；state_changed,51:54原表电扇,缺：当前关电视的向量，保留当前事件,缺：当前不关电视的向量,不适用：未回答为进行中；六项必须回答才能进入携物,每个成功事件最多一次；否后改是不能永久累计两套互斥分,缺当前独立动作/否向量；组合参考不与事件分双算,,,,
L3.carry,L3-02,决定携带物品,carry=yes/no接受,outcome.carry/completion,55,进入选物过程，无额外基础分,明确全维NA（不携带）,进行中；未回答不能完成,携带意愿不与最终物品重复计分,,,,,
L3.item.scarf,L3-02,最终带走围巾,draft选scarf后confirm接受,"outcome.item=scarf,completion=complete",56,"参考：A=-1,V=-2",无逐物品否按钮；不携带统一carry=false全NA,未选该物品不另扣分；只评最终选项,九选一；draft换物不计；最终物品一次,,,,,
L3.item.lantern,L3-02,最终带走灯笼,draft选lantern后confirm接受,"outcome.item=lantern,completion=complete",57,参考：A=2,无逐物品否按钮；不携带统一carry=false全NA,未选该物品不另扣分；只评最终选项,九选一；draft换物不计；最终物品一次,,,,,
L3.item.umbrella,L3-02,最终带走伞,draft选umbrella后confirm接受,"outcome.item=umbrella,completion=complete",58,参考：V=2,无逐物品否按钮；不携带统一carry=false全NA,未选该物品不另扣分；只评最终选项,九选一；draft换物不计；最终物品一次,,,,,
L3.item.compass,L3-02,最终带走指南针,draft选compass后confirm接受,"outcome.item=compass,completion=complete",59,参考：A=-2,无逐物品否按钮；不携带统一carry=false全NA,未选该物品不另扣分；只评最终选项,九选一；draft换物不计；最终物品一次,,,,,
L3.item.doll,L3-02,最终带走玩偶,draft选doll后confirm接受,"outcome.item=doll,completion=complete",60,"参考：A=1,V=-1",无逐物品否按钮；不携带统一carry=false全NA,未选该物品不另扣分；只评最终选项,九选一；draft换物不计；最终物品一次,,,,,
L3.item.key,L3-02,最终带走钥匙,draft选key后confirm接受,"outcome.item=key,completion=complete",61,参考：V=1,无逐物品否按钮；不携带统一carry=false全NA,未选该物品不另扣分；只评最终选项,九选一；draft换物不计；最终物品一次,,,,,
L3.item.journal,L3-02,最终带走日记,draft选journal后confirm接受,"outcome.item=journal,completion=complete",62,参考：A=-2,无逐物品否按钮；不携带统一carry=false全NA,未选该物品不另扣分；只评最终选项,九选一；draft换物不计；最终物品一次,,,,,
L3.item.rope,L3-02,最终带走绳子,draft选rope后confirm接受,"outcome.item=rope,completion=complete",63,参考：A=2,无逐物品否按钮；不携带统一carry=false全NA,未选该物品不另扣分；只评最终选项,九选一；draft换物不计；最终物品一次,,,,,
L3.item.backpack,L3-02,最终带走背包,draft选backpack后confirm接受,"outcome.item=backpack,completion=complete",,缺独立向量,无逐物品否按钮；不携带统一carry=false全NA,未选该物品不另扣分；只评最终选项,九选一；draft换物不计；最终物品一次,背包向量缺失,,,,
L4.village,L4,确认微光门,confirm door=village接受,"outcome.door,completion=complete",64,"参考：A=-1,V=-1",预览取消无服务器评分事件,未选其余门不另扣分；未确认属进行中,四选一最终门一次,,,,,
L4.coast,L4,确认静塔门,confirm door=coast接受,"outcome.door,completion=complete",65,"参考：A=1,V=1",预览取消无服务器评分事件,未选其余门不另扣分；未确认属进行中,四选一最终门一次,,,,,
L4.forest,L4,确认森林门,confirm door=forest接受,"outcome.door,completion=complete",66,"参考：A=-1,V=1",预览取消无服务器评分事件,未选其余门不另扣分；未确认属进行中,四选一最终门一次,,,,,
L4.castle,L4,确认宫殿门,confirm door=castle接受,"outcome.door,completion=complete",67,"参考：A=1,V=-1",预览取消无服务器评分事件,未选其余门不另扣分；未确认属进行中,四选一最终门一次,,,,,
