事件ID,关卡,动作/结果,请求,记录范围,服务器事实,来源,V6.2行,计分边界,备注,待定A,待定V,待定T,待定F
L1.take-rope.true,L1,拿下绳子：是,"{""type"": ""choose"", ""choice"": ""take-rope"", ""yes"": true}",服务器动作,ropeClicks从0至5；第5次释放,apps/api/app/domain.py:35,4,机械动作不逐次计分,L1回执无逐动作outcome，需重放接受事件；完整原始请求positions存在DB,,,,
L1.take-rope.false,L1,拿下绳子：否,"{""type"": ""choose"", ""choice"": ""take-rope"", ""yes"": false}",服务器动作,仅记录明确拒绝；状态保持；可重选,apps/api/app/domain.py:35,4,否不自动等于V6.2最终选项；按截止时终态处理,L1回执无逐动作outcome，需重放接受事件；完整原始请求positions存在DB,,,,
L1.collect-wood.true,L1,材料拾取：是,"{""type"": ""choose"", ""choice"": ""collect-wood"", ""yes"": true}",服务器动作,wood=true；两件材料中心到缺口,apps/api/app/domain.py:35,4,修桥过程，不独立计路径分,L1回执无逐动作outcome，需重放接受事件；完整原始请求positions存在DB,,,,
L1.collect-wood.false,L1,材料拾取：否,"{""type"": ""choose"", ""choice"": ""collect-wood"", ""yes"": false}",服务器动作,仅记录明确拒绝；状态保持；可重选,apps/api/app/domain.py:35,4,否不自动等于V6.2最终选项；按截止时终态处理,L1回执无逐动作outcome，需重放接受事件；完整原始请求positions存在DB,,,,
L1.repair.true,L1,修桥：是,"{""type"": ""choose"", ""choice"": ""repair"", ""yes"": true}",服务器动作,repaired=true；wood=false；仍在河岸,apps/api/app/domain.py:35,4,修桥过程，过桥后才取路径终态,L1回执无逐动作outcome，需重放接受事件；完整原始请求positions存在DB,,,,
L1.repair.false,L1,修桥：否,"{""type"": ""choose"", ""choice"": ""repair"", ""yes"": false}",服务器动作,仅记录明确拒绝；状态保持；可重选,apps/api/app/domain.py:35,4,否不自动等于V6.2最终选项；按截止时终态处理,L1回执无逐动作outcome，需重放接受事件；完整原始请求positions存在DB,,,,
L1.cross-bridge.true,L1,走桥过河：是,"{""type"": ""choose"", ""choice"": ""cross-bridge"", ""yes"": true}",服务器动作,scene=shore; route=bridge,apps/api/app/domain.py:35,4,最终路径,L1回执无逐动作outcome，需重放接受事件；完整原始请求positions存在DB,,,,
L1.cross-bridge.false,L1,走桥过河：否,"{""type"": ""choose"", ""choice"": ""cross-bridge"", ""yes"": false}",服务器动作,仅记录明确拒绝；状态保持；可重选,apps/api/app/domain.py:35,4,否不自动等于V6.2最终选项；按截止时终态处理,L1回执无逐动作outcome，需重放接受事件；完整原始请求positions存在DB,,,,
L1.swim.true,L1,直接游泳：是,"{""type"": ""choose"", ""choice"": ""swim"", ""yes"": true}",服务器动作,scene=shore; route=swim,apps/api/app/domain.py:35,5,最终路径,L1回执无逐动作outcome，需重放接受事件；完整原始请求positions存在DB,,,,
L1.swim.false,L1,直接游泳：否,"{""type"": ""choose"", ""choice"": ""swim"", ""yes"": false}",服务器动作,仅记录明确拒绝；状态保持；可重选,apps/api/app/domain.py:35,5,否不自动等于V6.2最终选项；按截止时终态处理,L1回执无逐动作outcome，需重放接受事件；完整原始请求positions存在DB,,,,
L1.use-ring.true,L1,救生圈过河：是,"{""type"": ""choose"", ""choice"": ""use-ring"", ""yes"": true}",服务器动作,scene=shore; route=ring,apps/api/app/domain.py:35,6,最终路径,L1回执无逐动作outcome，需重放接受事件；完整原始请求positions存在DB,,,,
L1.use-ring.false,L1,救生圈过河：否,"{""type"": ""choose"", ""choice"": ""use-ring"", ""yes"": false}",服务器动作,仅记录明确拒绝；状态保持；可重选,apps/api/app/domain.py:35,6,否不自动等于V6.2最终选项；按截止时终态处理,L1回执无逐动作outcome，需重放接受事件；完整原始请求positions存在DB,,,,
L1.search.true,L1,拨草找桨：是,"{""type"": ""choose"", ""choice"": ""search"", ""yes"": true}",服务器动作,bushClicks从0至5；第5次oar=true,apps/api/app/domain.py:35,7,机械动作不逐次计分,L1回执无逐动作outcome，需重放接受事件；完整原始请求positions存在DB,,,,
L1.search.false,L1,拨草找桨：否,"{""type"": ""choose"", ""choice"": ""search"", ""yes"": false}",服务器动作,仅记录明确拒绝；状态保持；可重选,apps/api/app/domain.py:35,7,否不自动等于V6.2最终选项；按截止时终态处理,L1回执无逐动作outcome，需重放接受事件；完整原始请求positions存在DB,,,,
L1.board.true,L1,上船：是,"{""type"": ""choose"", ""choice"": ""board"", ""yes"": true}",服务器动作,rowing=true；需要oar,apps/api/app/domain.py:35,7,路径过程，不额外加分,L1回执无逐动作outcome，需重放接受事件；完整原始请求positions存在DB,,,,
L1.board.false,L1,上船：否,"{""type"": ""choose"", ""choice"": ""board"", ""yes"": false}",服务器动作,仅记录明确拒绝；状态保持；可重选,apps/api/app/domain.py:35,7,否不自动等于V6.2最终选项；按截止时终态处理,L1回执无逐动作outcome，需重放接受事件；完整原始请求positions存在DB,,,,
L1.greet.true,L1,向男子打招呼：是,"{""type"": ""choose"", ""choice"": ""greet"", ""yes"": true}",服务器动作,greeted=true,apps/api/app/domain.py:35,10:12,仅能证明打招呼，不能证明交谈,L1回执无逐动作outcome，需重放接受事件；完整原始请求positions存在DB,,,,
L1.greet.false,L1,向男子打招呼：否,"{""type"": ""choose"", ""choice"": ""greet"", ""yes"": false}",服务器动作,仅记录明确拒绝；状态保持；可重选,apps/api/app/domain.py:35,10:12,否不自动等于V6.2最终选项；按截止时终态处理,L1回执无逐动作outcome，需重放接受事件；完整原始请求positions存在DB,,,,
L1.greet-woman.true,L1,向女子打招呼：是,"{""type"": ""choose"", ""choice"": ""greet-woman"", ""yes"": true}",服务器动作,greetedWoman=true,apps/api/app/domain.py:35,10:12,两个独立人物的节点合并待定,L1回执无逐动作outcome，需重放接受事件；完整原始请求positions存在DB,,,,
L1.greet-woman.false,L1,向女子打招呼：否,"{""type"": ""choose"", ""choice"": ""greet-woman"", ""yes"": false}",服务器动作,仅记录明确拒绝；状态保持；可重选,apps/api/app/domain.py:35,10:12,否不自动等于V6.2最终选项；按截止时终态处理,L1回执无逐动作outcome，需重放接受事件；完整原始请求positions存在DB,,,,
L1.take-lamp.true,L1,拿灯：是,"{""type"": ""choose"", ""choice"": ""take-lamp"", ""yes"": true}",服务器动作,lampTaken=true,apps/api/app/domain.py:35,13:16,灯四种终态归并,L1回执无逐动作outcome，需重放接受事件；完整原始请求positions存在DB,,,,
L1.take-lamp.false,L1,拿灯：否,"{""type"": ""choose"", ""choice"": ""take-lamp"", ""yes"": false}",服务器动作,仅记录明确拒绝；状态保持；可重选,apps/api/app/domain.py:35,13:16,否不自动等于V6.2最终选项；按截止时终态处理,L1回执无逐动作outcome，需重放接受事件；完整原始请求positions存在DB,,,,
L1.light-lamp.true,L1,点灯：是,"{""type"": ""choose"", ""choice"": ""light-lamp"", ""yes"": true}",服务器动作,lampLit=true；可先点后拿,apps/api/app/domain.py:35,13:16,灯四种终态归并,L1回执无逐动作outcome，需重放接受事件；完整原始请求positions存在DB,,,,
L1.light-lamp.false,L1,点灯：否,"{""type"": ""choose"", ""choice"": ""light-lamp"", ""yes"": false}",服务器动作,仅记录明确拒绝；状态保持；可重选,apps/api/app/domain.py:35,13:16,否不自动等于V6.2最终选项；按截止时终态处理,L1回执无逐动作outcome，需重放接受事件；完整原始请求positions存在DB,,,,
L1.enter.true,L1,进门结束L1：是,"{""type"": ""choose"", ""choice"": ""enter"", ""yes"": true}",服务器动作,scene=complete；冻结路线/灯/人物结果,apps/api/app/domain.py:35,10:16,完成和终态截止，不另加基础分,L1回执无逐动作outcome，需重放接受事件；完整原始请求positions存在DB,,,,
L1.enter.false,L1,进门结束L1：否,"{""type"": ""choose"", ""choice"": ""enter"", ""yes"": false}",服务器动作,仅记录明确拒绝；状态保持；可重选,apps/api/app/domain.py:35,10:16,否不自动等于V6.2最终选项；按截止时终态处理,L1回执无逐动作outcome，需重放接受事件；完整原始请求positions存在DB,,,,
L1.paddle,L1,划桨一次（1–5）,"{""type"": ""paddle""}",服务器动作,"strokes+1；第5次scene=shore,route=boat",apps/api/app/domain.py:35,7,五次是机械过程，只取boat路径终态,,,,,
L2.arrive-table,L2,arrive-table,"{""type"": ""arrive-table""}",服务器动作,atTable=true,apps/api/app/l2_domain.py:22,19,需按V6.2节点终态归并,,,,,
L2.return-hall,L2,return-hall,"{""type"": ""return-hall""}",服务器动作,view=room；searching变returned,apps/api/app/l2_domain.py:22,30:31,需按V6.2节点终态归并,,,,,
L2.curtain-click,L2,curtain-click,"{""type"": ""curtain-click""}",服务器动作,curtainClicks+1；第3次status=found,apps/api/app/l2_domain.py:22,29:31,需按V6.2节点终态归并,,,,,
L2.layout-start,L2,layout-start,"{""type"": ""layout-start""}",服务器动作,editing=true,apps/api/app/l2_domain.py:22,32:43,需按V6.2节点终态归并,,,,,
L2.layout-exit,L2,layout-exit,"{""type"": ""layout-exit""}",服务器动作,editing=false,apps/api/app/l2_domain.py:22,32:43,需按V6.2节点终态归并,,,,,
L2.layout-confirm,L2,layout-confirm,"{""type"": ""layout-confirm""}",服务器动作,exitDoorOpen=true；保存confirmed/baseline/classification,apps/api/app/l2_domain.py:22,32:43,需按V6.2节点终态归并,本地v2任意确认开出口；GitHub v1仅tidy确认开出口；当前分类不是V6.2分位,,,,
L2.layout-undo,L2,layout-undo,"{""type"": ""layout-undo""}",服务器动作,从history回退layout,apps/api/app/l2_domain.py:22,32:43,需按V6.2节点终态归并,,,,,
L2.layout-reset,L2,layout-reset,"{""type"": ""layout-reset""}",服务器动作,layout回初始；原布局入history,apps/api/app/l2_domain.py:22,32:43,需按V6.2节点终态归并,,,,,
L2.explore.true,L2,explore：是,"{""type"": ""explore"", ""yes"": true}",服务器动作,explore更改view；search-choice设置searching/declined并重置activeMs,apps/api/app/l2_domain.py:22,24:28,需按V6.2节点终态归并,拒绝后可重选，节点截止未定义,,,,
L2.explore.false,L2,explore：否,"{""type"": ""explore"", ""yes"": false}",服务器动作,explore更改view；search-choice设置searching/declined并重置activeMs,apps/api/app/l2_domain.py:22,24:28,需按V6.2节点终态归并,拒绝后可重选，节点截止未定义,,,,
L2.search-choice.true,L2,search-choice：是,"{""type"": ""search-choice"", ""yes"": true}",服务器动作,explore更改view；search-choice设置searching/declined并重置activeMs,apps/api/app/l2_domain.py:22,29:31,需按V6.2节点终态归并,拒绝后可重选，节点截止未定义,,,,
L2.search-choice.false,L2,search-choice：否,"{""type"": ""search-choice"", ""yes"": false}",服务器动作,explore更改view；search-choice设置searching/declined并重置activeMs,apps/api/app/l2_domain.py:22,29:31,需按V6.2节点终态归并,拒绝后可重选，节点截止未定义,,,,
L2.sit.chair.true,L2,窗边椅坐下,"{""type"": ""sit"", ""seat"": ""chair"", ""yes"": true}",服务器动作,"yes设置seat；table-seat额外atTable=true,view=table；no保持",apps/api/app/l2_domain.py:22,17:19,需按V6.2节点终态归并,桌前椅与表中中心椅需确认；支持换座,,,,
L2.sit.chair.false,L2,窗边椅不坐,"{""type"": ""sit"", ""seat"": ""chair"", ""yes"": false}",服务器动作,"yes设置seat；table-seat额外atTable=true,view=table；no保持",apps/api/app/l2_domain.py:22,17:19,需按V6.2节点终态归并,桌前椅与表中中心椅需确认；支持换座,,,,
L2.sit.table-seat.true,L2,桌前椅坐下,"{""type"": ""sit"", ""seat"": ""table-seat"", ""yes"": true}",服务器动作,"yes设置seat；table-seat额外atTable=true,view=table；no保持",apps/api/app/l2_domain.py:22,17:19,需按V6.2节点终态归并,桌前椅与表中中心椅需确认；支持换座,,,,
L2.sit.table-seat.false,L2,桌前椅不坐,"{""type"": ""sit"", ""seat"": ""table-seat"", ""yes"": false}",服务器动作,"yes设置seat；table-seat额外atTable=true,view=table；no保持",apps/api/app/l2_domain.py:22,17:19,需按V6.2节点终态归并,桌前椅与表中中心椅需确认；支持换座,,,,
L2.select-key.key-1,L2,select-key key-1,"{""type"": ""select-key"", ""key"": ""key-1""}",服务器动作,"select-key记录keys/selectedKey；try-door记录attempt,key,door_open，第一把失败第二把成功",apps/api/app/l2_domain.py:22,20:25,需按V6.2节点终态归并,keys不是比较次数；同一key不能重复试门,,,,
L2.select-key.key-2,L2,select-key key-2,"{""type"": ""select-key"", ""key"": ""key-2""}",服务器动作,"select-key记录keys/selectedKey；try-door记录attempt,key,door_open，第一把失败第二把成功",apps/api/app/l2_domain.py:22,20:25,需按V6.2节点终态归并,keys不是比较次数；同一key不能重复试门,,,,
L2.try-door.key-1,L2,try-door key-1,"{""type"": ""try-door"", ""key"": ""key-1""}",服务器动作,"select-key记录keys/selectedKey；try-door记录attempt,key,door_open，第一把失败第二把成功",apps/api/app/l2_domain.py:22,20:25,需按V6.2节点终态归并,keys不是比较次数；同一key不能重复试门,,,,
L2.try-door.key-2,L2,try-door key-2,"{""type"": ""try-door"", ""key"": ""key-2""}",服务器动作,"select-key记录keys/selectedKey；try-door记录attempt,key,door_open，第一把失败第二把成功",apps/api/app/l2_domain.py:22,20:25,需按V6.2节点终态归并,keys不是比较次数；同一key不能重复试门,,,,
L2.view.room,L2,切换视图 room,"{""type"": ""view"", ""view"": ""room""}",服务器动作,outcome.view；进入table需要available,apps/api/app/l2_domain.py:22,,导航过程无独立分值,,,,,
L2.view.table,L2,切换视图 table,"{""type"": ""view"", ""view"": ""table""}",服务器动作,outcome.view；进入table需要available,apps/api/app/l2_domain.py:22,,导航过程无独立分值,,,,,
L2.search-time,L2,上报搜寻活动时长,"{""type"": ""search-time"", ""activeMs"": ""<累计毫秒>""}",服务器动作,activeMs/long；每次增量<=10000；API墙钟上界+250ms；timing_verified=false,apps/api/app/l2_api.py:96,30:31,时长证据不足以证明真人持续注意；>=与>冲突,,,,,
L2.layout-move.armchair,L2,移动家具 armchair,"{""type"": ""layout-move"", ""id"": ""armchair"", ""point"": {""u"": ""<number>"", ""v"": ""<number>""}}",服务器动作,服务器保存layout与history；确认时才做空间分类；移动可接受但布局未必reasonable,apps/api/app/l2_domain.py:22,32:43,操作过程；可派生调整次数，但定义/四分位缺失,"4件家具；坐标[-4,4]；无朝向字段",,,,
L2.layout-move.chair,L2,移动家具 chair,"{""type"": ""layout-move"", ""id"": ""chair"", ""point"": {""u"": ""<number>"", ""v"": ""<number>""}}",服务器动作,服务器保存layout与history；确认时才做空间分类；移动可接受但布局未必reasonable,apps/api/app/l2_domain.py:22,32:43,操作过程；可派生调整次数，但定义/四分位缺失,"4件家具；坐标[-4,4]；无朝向字段",,,,
L2.layout-move.sofa,L2,移动家具 sofa,"{""type"": ""layout-move"", ""id"": ""sofa"", ""point"": {""u"": ""<number>"", ""v"": ""<number>""}}",服务器动作,服务器保存layout与history；确认时才做空间分类；移动可接受但布局未必reasonable,apps/api/app/l2_domain.py:22,32:43,操作过程；可派生调整次数，但定义/四分位缺失,"4件家具；坐标[-4,4]；无朝向字段",,,,
L2.layout-move.table-chair,L2,移动家具 table-chair,"{""type"": ""layout-move"", ""id"": ""table-chair"", ""point"": {""u"": ""<number>"", ""v"": ""<number>""}}",服务器动作,服务器保存layout与history；确认时才做空间分类；移动可接受但布局未必reasonable,apps/api/app/l2_domain.py:22,32:43,操作过程；可派生调整次数，但定义/四分位缺失,"4件家具；坐标[-4,4]；无朝向字段",,,,
L3.decision.open.true,L3,open：是,"{""type"": ""decision"", ""slot"": ""open"", ""yes"": true}",服务器动作,outcome.choices.open；六项均回答后segment=carry,apps/api/app/l3_domain.py:16,44:46,需按V6.2节点终态归并,重复false新ID为accepted但state_changed=false；true锁定，false可改true；电视不等于风扇,,,,
L3.decision.open.false,L3,open：否,"{""type"": ""decision"", ""slot"": ""open"", ""yes"": false}",服务器动作,outcome.choices.open；六项均回答后segment=carry,apps/api/app/l3_domain.py:16,44:46,需按V6.2节点终态归并,重复false新ID为accepted但state_changed=false；true锁定，false可改true；电视不等于风扇,,,,
L3.decision.close.true,L3,close：是,"{""type"": ""decision"", ""slot"": ""close"", ""yes"": true}",服务器动作,outcome.choices.close；六项均回答后segment=carry,apps/api/app/l3_domain.py:16,44:46,需按V6.2节点终态归并,重复false新ID为accepted但state_changed=false；true锁定，false可改true；电视不等于风扇,,,,
L3.decision.close.false,L3,close：否,"{""type"": ""decision"", ""slot"": ""close"", ""yes"": false}",服务器动作,outcome.choices.close；六项均回答后segment=carry,apps/api/app/l3_domain.py:16,44:46,需按V6.2节点终态归并,重复false新ID为accepted但state_changed=false；true锁定，false可改true；电视不等于风扇,,,,
L3.decision.wait.true,L3,wait：是,"{""type"": ""decision"", ""slot"": ""wait"", ""yes"": true}",服务器动作,outcome.choices.wait；六项均回答后segment=carry,apps/api/app/l3_domain.py:16,47:48,需按V6.2节点终态归并,重复false新ID为accepted但state_changed=false；true锁定，false可改true；电视不等于风扇,,,,
L3.decision.wait.false,L3,wait：否,"{""type"": ""decision"", ""slot"": ""wait"", ""yes"": false}",服务器动作,outcome.choices.wait；六项均回答后segment=carry,apps/api/app/l3_domain.py:16,47:48,需按V6.2节点终态归并,重复false新ID为accepted但state_changed=false；true锁定，false可改true；电视不等于风扇,,,,
L3.decision.curtain.true,L3,curtain：是,"{""type"": ""decision"", ""slot"": ""curtain"", ""yes"": true}",服务器动作,outcome.choices.curtain；六项均回答后segment=carry,apps/api/app/l3_domain.py:16,49:50,需按V6.2节点终态归并,重复false新ID为accepted但state_changed=false；true锁定，false可改true；电视不等于风扇,,,,
L3.decision.curtain.false,L3,curtain：否,"{""type"": ""decision"", ""slot"": ""curtain"", ""yes"": false}",服务器动作,outcome.choices.curtain；六项均回答后segment=carry,apps/api/app/l3_domain.py:16,49:50,需按V6.2节点终态归并,重复false新ID为accepted但state_changed=false；true锁定，false可改true；电视不等于风扇,,,,
L3.decision.window.true,L3,window：是,"{""type"": ""decision"", ""slot"": ""window"", ""yes"": true}",服务器动作,outcome.choices.window；六项均回答后segment=carry,apps/api/app/l3_domain.py:16,51:54,需按V6.2节点终态归并,重复false新ID为accepted但state_changed=false；true锁定，false可改true；电视不等于风扇,,,,
L3.decision.window.false,L3,window：否,"{""type"": ""decision"", ""slot"": ""window"", ""yes"": false}",服务器动作,outcome.choices.window；六项均回答后segment=carry,apps/api/app/l3_domain.py:16,51:54,需按V6.2节点终态归并,重复false新ID为accepted但state_changed=false；true锁定，false可改true；电视不等于风扇,,,,
L3.decision.television.true,L3,television：是,"{""type"": ""decision"", ""slot"": ""television"", ""yes"": true}",服务器动作,outcome.choices.television；六项均回答后segment=carry,apps/api/app/l3_domain.py:16,51:54,需按V6.2节点终态归并,重复false新ID为accepted但state_changed=false；true锁定，false可改true；电视不等于风扇,,,,
L3.decision.television.false,L3,television：否,"{""type"": ""decision"", ""slot"": ""television"", ""yes"": false}",服务器动作,outcome.choices.television；六项均回答后segment=carry,apps/api/app/l3_domain.py:16,51:54,需按V6.2节点终态归并,重复false新ID为accepted但state_changed=false；true锁定，false可改true；电视不等于风扇,,,,
L3.carry.true,L3,是否带物品：True,"{""type"": ""carry"", ""yes"": true}",服务器动作,"carry=false直接complete,item=null；true等待draft/confirm",apps/api/app/l3_domain.py:16,55:63,false全维NA；true本身不加基础分,,,,,
L3.carry.false,L3,是否带物品：False,"{""type"": ""carry"", ""yes"": false}",服务器动作,"carry=false直接complete,item=null；true等待draft/confirm",apps/api/app/l3_domain.py:16,55:63,false全维NA；true本身不加基础分,,,,,
L3.draft.scarf,L3,暂选 scarf,"{""type"": ""draft"", ""item"": ""scarf""}",服务器动作,outcome.draft更新；item仍未最终确认,apps/api/app/l3_domain.py:16,56,草稿不计分,,,,,
L3.confirm.scarf,L3,最终带走 scarf,"{""type"": ""confirm""}",服务器动作,服务器取已存draft为item；completion=complete,apps/api/app/l3_domain.py:16,56,按最终物品取一次V6.2向量,confirm请求无item，不能绕过draft,,,,
L3.draft.lantern,L3,暂选 lantern,"{""type"": ""draft"", ""item"": ""lantern""}",服务器动作,outcome.draft更新；item仍未最终确认,apps/api/app/l3_domain.py:16,57,草稿不计分,,,,,
L3.confirm.lantern,L3,最终带走 lantern,"{""type"": ""confirm""}",服务器动作,服务器取已存draft为item；completion=complete,apps/api/app/l3_domain.py:16,57,按最终物品取一次V6.2向量,confirm请求无item，不能绕过draft,,,,
L3.draft.umbrella,L3,暂选 umbrella,"{""type"": ""draft"", ""item"": ""umbrella""}",服务器动作,outcome.draft更新；item仍未最终确认,apps/api/app/l3_domain.py:16,58,草稿不计分,,,,,
L3.confirm.umbrella,L3,最终带走 umbrella,"{""type"": ""confirm""}",服务器动作,服务器取已存draft为item；completion=complete,apps/api/app/l3_domain.py:16,58,按最终物品取一次V6.2向量,confirm请求无item，不能绕过draft,,,,
L3.draft.compass,L3,暂选 compass,"{""type"": ""draft"", ""item"": ""compass""}",服务器动作,outcome.draft更新；item仍未最终确认,apps/api/app/l3_domain.py:16,59,草稿不计分,,,,,
L3.confirm.compass,L3,最终带走 compass,"{""type"": ""confirm""}",服务器动作,服务器取已存draft为item；completion=complete,apps/api/app/l3_domain.py:16,59,按最终物品取一次V6.2向量,confirm请求无item，不能绕过draft,,,,
L3.draft.doll,L3,暂选 doll,"{""type"": ""draft"", ""item"": ""doll""}",服务器动作,outcome.draft更新；item仍未最终确认,apps/api/app/l3_domain.py:16,60,草稿不计分,,,,,
L3.confirm.doll,L3,最终带走 doll,"{""type"": ""confirm""}",服务器动作,服务器取已存draft为item；completion=complete,apps/api/app/l3_domain.py:16,60,按最终物品取一次V6.2向量,confirm请求无item，不能绕过draft,,,,
L3.draft.key,L3,暂选 key,"{""type"": ""draft"", ""item"": ""key""}",服务器动作,outcome.draft更新；item仍未最终确认,apps/api/app/l3_domain.py:16,61,草稿不计分,,,,,
L3.confirm.key,L3,最终带走 key,"{""type"": ""confirm""}",服务器动作,服务器取已存draft为item；completion=complete,apps/api/app/l3_domain.py:16,61,按最终物品取一次V6.2向量,confirm请求无item，不能绕过draft,,,,
L3.draft.journal,L3,暂选 journal,"{""type"": ""draft"", ""item"": ""journal""}",服务器动作,outcome.draft更新；item仍未最终确认,apps/api/app/l3_domain.py:16,62,草稿不计分,,,,,
L3.confirm.journal,L3,最终带走 journal,"{""type"": ""confirm""}",服务器动作,服务器取已存draft为item；completion=complete,apps/api/app/l3_domain.py:16,62,按最终物品取一次V6.2向量,confirm请求无item，不能绕过draft,,,,
L3.draft.rope,L3,暂选 rope,"{""type"": ""draft"", ""item"": ""rope""}",服务器动作,outcome.draft更新；item仍未最终确认,apps/api/app/l3_domain.py:16,63,草稿不计分,,,,,
L3.confirm.rope,L3,最终带走 rope,"{""type"": ""confirm""}",服务器动作,服务器取已存draft为item；completion=complete,apps/api/app/l3_domain.py:16,63,按最终物品取一次V6.2向量,confirm请求无item，不能绕过draft,,,,
L3.draft.backpack,L3,暂选 backpack,"{""type"": ""draft"", ""item"": ""backpack""}",服务器动作,outcome.draft更新；item仍未最终确认,apps/api/app/l3_domain.py:16,,草稿不计分,backpack背包不在V6.2表,,,,
L3.confirm.backpack,L3,最终带走 backpack,"{""type"": ""confirm""}",服务器动作,服务器取已存draft为item；completion=complete,apps/api/app/l3_domain.py:16,,缺失分值，待用户补充,confirm请求无item，不能绕过draft,,,,
L4.confirm.village,L4,确认出口 village,"{""type"": ""confirm"", ""door"": ""village""}",服务器动作,outcome.door/item/completion=complete；后续新动作拒绝,apps/api/app/l4_domain.py:13,64,终态一次；T/F为NA,门名及位置随机化未做；本地预览选择无服务器证据,,,,
L4.confirm.coast,L4,确认出口 coast,"{""type"": ""confirm"", ""door"": ""coast""}",服务器动作,outcome.door/item/completion=complete；后续新动作拒绝,apps/api/app/l4_domain.py:13,65,终态一次；T/F为NA,门名及位置随机化未做；本地预览选择无服务器证据,,,,
L4.confirm.forest,L4,确认出口 forest,"{""type"": ""confirm"", ""door"": ""forest""}",服务器动作,outcome.door/item/completion=complete；后续新动作拒绝,apps/api/app/l4_domain.py:13,66,终态一次；T/F为NA,门名及位置随机化未做；本地预览选择无服务器证据,,,,
L4.confirm.castle,L4,确认出口 castle,"{""type"": ""confirm"", ""door"": ""castle""}",服务器动作,outcome.door/item/completion=complete；后续新动作拒绝,apps/api/app/l4_domain.py:13,67,终态一次；T/F为NA,门名及位置随机化未做；本地预览选择无服务器证据,,,,
L1.meta.object-open,L1,object-open,{},系统/前端边界,查看人物/道具、关提示、拖动物品摆放（未触发业务动作）不进事件表,apps/api/app/main.py:111,,非计分动作,,,,,
L1.meta.restart,L1,restart,{},系统/前端边界,POST sessions创建新旅程，旧会话保留，不是一次拒绝,apps/api/app/main.py:111,,非计分动作,,,,,
L2.meta.start,L2,start,{},系统/前端边界,POST levels/l2幂等建run，不写业务事件；要求L1完成,apps/api/app/l2_api.py:96,,非计分动作,,,,,
L3.meta.start,L3,start,{},系统/前端边界,POST levels/l3幂等建run，要求L2出口开,apps/api/app/l3_api.py:90,,非计分动作,,,,,
L4.meta.start,L4,start,{},系统/前端边界,POST levels/l4幂等建run，携带L3最终item,apps/api/app/l4_api.py:94,,非计分动作,,,,,
L4.meta.preview,L4,preview,{},系统/前端边界,选门预览/取消无业务事件，只有confirm写入,apps/api/app/main.py:111,,非计分动作,,,,,
ALL.meta.resume,ALL,resume,{},系统/前端边界,GET快照/GET events/结果读取不写业务事件,apps/api/app/main.py:111,,非计分动作,,,,,
ALL.meta.rejection,ALL,rejection,{},系统/前端边界,409业务拒绝入回执但不加分；422结构错误/认证失败不写事件表；同ID换载荷409直接拒绝,apps/api/app/main.py:111,,非计分动作,,,,,
